_id,username,status,created_at,updated_at,security_answer,security_question,passwordHash,is_admin,email,name
68f6ccda7534c3ee82cebea4,admin,initial_user,2025-12-02T22:05:48.987Z,2025-12-02T22:22:13.809Z,5f4dcc3b5aa765d61d8327deb882cf99,What is your mother's maiden name?,21232f297a57a5a743894a0e4a801fc3,true,,
68f6cf587534c3ee82cebea5,liam_smith,,2025-12-02T22:05:48.987Z,2025-12-02T22:05:48.987Z,5f4dcc3b5aa765d61d8327deb882cf99,What is your mother's maiden name?,5f4dcc3b5aa765d61d8327deb882cf99,false,liam.smith@gmail.com,
68f6cf587534c3ee82cebea6,olivia_jones,,2025-12-02T22:05:48.987Z,2025-12-02T22:05:48.987Z,5f4dcc3b5aa765d61d8327deb882cf99,What is your mother's maiden name?,e10adc3949ba59abbe56e057f20f883e,false,olivia.j@yahoo.com,
68f6cf587534c3ee82cebea7,noah_brown,,2025-12-02T22:05:48.987Z,2025-12-02T22:05:48.987Z,5f4dcc3b5aa765d61d8327deb882cf99,What is your mother's maiden name?,25d55ad283aa400af464c76d713c07ad,false,noah_brown@outlook.com,
68f6cf587534c3ee82cebea8,emma_davis,,2025-12-02T22:05:48.987Z,2025-12-02T22:05:48.987Z,5f4dcc3b5aa765d61d8327deb882cf99,What is your mother's maiden name?,81dc9bdb52d04dc20036dbd8313ed055,false,e.davis@icloud.com,
68f6cf587534c3ee82cebea9,oliver_miller,,2025-12-02T22:05:48.987Z,2025-12-02T22:05:48.987Z,5f4dcc3b5aa765d61d8327deb882cf99,What is your mother's maiden name?,d8578edf8458ce06fbc5bb76a58c5ca4,false,olivermiller@proton.me,
68f6cf587534c3ee82cebeaa,ava_wilson,,2025-12-02T22:05:48.987Z,2025-12-02T22:05:48.987Z,5f4dcc3b5aa765d61d8327deb882cf99,What is your mother's maiden name?,827ccb0eea8a706c4c34a16891f84e7b,false,ava.wilson@gmail.com,
68f6cf587534c3ee82cebeab,elijah_moore,,2025-12-02T22:05:48.987Z,2025-12-02T22:05:48.987Z,5f4dcc3b5aa765d61d8327deb882cf99,What is your mother's maiden name?,8621ffdbc5698829397d97767ac13db3,false,e_moore@mail.com,
68f6cf587534c3ee82cebeac,sophia_taylor,,2025-12-02T22:05:48.987Z,2025-12-02T22:05:48.987Z,5f4dcc3b5aa765d61d8327deb882cf99,What is your mother's maiden name?,acc6f2779b808637d04c71e3d8360eeb,false,sophia_t@yahoo.com,
68f6cf587534c3ee82cebead,lucas_anderson,,2025-12-02T22:05:48.987Z,2025-12-02T22:05:48.987Z,5f4dcc3b5aa765d61d8327deb882cf99,What is your mother's maiden name?,276f8db0b86edaa7fc805516c852c889,false,lucas.anderson@outlook.com,
68f6cf587534c3ee82cebeae,isabella_thomas,,2025-12-02T22:05:48.987Z,2025-12-02T22:05:48.987Z,5f4dcc3b5aa765d61d8327deb882cf99,What is your mother's maiden name?,37b4e2d82900d5e94b8da524fbeb33c0,false,isabella.thomas@zoho.com,
68f6cf587534c3ee82cebeaf,mason_jackson,,2025-12-02T22:05:48.987Z,2025-12-02T22:05:48.987Z,5f4dcc3b5aa765d61d8327deb882cf99,What is your mother's maiden name?,0d107d09f5bbe40cade3de5c71e9e9b7,false,m.jackson@gmail.com,
68f6cf587534c3ee82cebeb0,mia_white,,2025-12-02T22:05:48.987Z,2025-12-02T22:05:48.987Z,5f4dcc3b5aa765d61d8327deb882cf99,What is your mother's maiden name?,d0763edaa9d9bd2a9516280e9044d885,false,mia_white@yandex.com,
68f6cf587534c3ee82cebeb1,levi_harris,,2025-12-02T22:05:48.987Z,2025-12-02T22:05:48.987Z,5f4dcc3b5aa765d61d8327deb882cf99,What is your mother's maiden name?,7d0710824ff191f6a0086a7e3891641e,false,levi.h@proton.me,
68f6cf587534c3ee82cebeb2,amelia_martin,,2025-12-02T22:05:48.987Z,2025-12-02T22:05:48.987Z,5f4dcc3b5aa765d61d8327deb882cf99,What is your mother's maiden name?,e99a18c428cb38d5f260853678922e03,false,amelia_martin@yahoo.com,
68f6cf587534c3ee82cebeb3,james_thompson,,2025-12-02T22:05:48.987Z,2025-12-02T22:05:48.987Z,5f4dcc3b5aa765d61d8327deb882cf99,What is your mother's maiden name?,bee783ee2974595487357e195ef38ca2,false,james.thompson@gmail.com,
68f6cf587534c3ee82cebeb4,harper_garcia,,2025-12-02T22:05:48.987Z,2025-12-02T22:05:48.987Z,5f4dcc3b5aa765d61d8327deb882cf99,What is your mother's maiden name?,0acf4539a14b3aa27deeb4cbdf6e989f,false,harper.garcia@outlook.com,
68f6cf587534c3ee82cebeb5,benjamin_martinez,,2025-12-02T22:05:48.987Z,2025-12-02T22:05:48.987Z,5f4dcc3b5aa765d61d8327deb882cf99,What is your mother's maiden name?,3bf1114a986ba87ed28fc1b5884fc2f8,false,benjamin_m@icloud.com,
68f6cf587534c3ee82cebeb6,evelyn_robinson,,2025-12-02T22:05:48.987Z,2025-12-02T22:05:48.987Z,5f4dcc3b5aa765d61d8327deb882cf99,What is your mother's maiden name?,eb0a191797624dd3a48fa681d3061212,false,e.robinson@yahoo.com,
68f6cf587534c3ee82cebeb7,jacob_clark,,2025-12-02T22:05:48.987Z,2025-12-02T22:05:48.987Z,5f4dcc3b5aa765d61d8327deb882cf99,What is your mother's maiden name?,1660fe5c81c4ce64a2611494c439e1ba,false,j_clark@gmail.com,
68f6cf587534c3ee82cebeb9,michael_lewis,,2025-12-02T22:05:48.987Z,2025-12-02T22:05:48.987Z,5f4dcc3b5aa765d61d8327deb882cf99,What is your mother's maiden name?,08f90c1a417155361a5c4b8d297e0d78,false,michael.lewis@mail.com,
68f6cf587534c3ee82cebeba,emily_lee,,2025-12-02T22:05:48.987Z,2025-12-02T22:05:48.987Z,5f4dcc3b5aa765d61d8327deb882cf99,What is your mother's maiden name?,d16d377af76c99d27093abc22244b342,false,emily_lee@gmail.com,
68f6cf587534c3ee82cebebb,daniel_walker,,2025-12-02T22:05:48.987Z,2025-12-02T22:05:48.987Z,5f4dcc3b5aa765d61d8327deb882cf99,What is your mother's maiden name?,84d961568a65073a3bcf0eb216b2a576,false,daniel.walker@yahoo.com,
68f6cf587534c3ee82cebebc,elizabeth_hall,,2025-12-02T22:05:48.987Z,2025-12-02T22:05:48.987Z,5f4dcc3b5aa765d61d8327deb882cf99,What is your mother's maiden name?,ef4cdd3117793b9fd593d7488409626d,false,elizabeth_h@outlook.com,
68f6cf587534c3ee82cebebd,henry_allen,,2025-12-02T22:05:48.987Z,2025-12-02T22:05:48.987Z,5f4dcc3b5aa765d61d8327deb882cf99,What is your mother's maiden name?,fcea920f7412b5da7be0cf42b8c93759,false,henry.allen@icloud.com,
68f6cf587534c3ee82cebebe,sofia_young,,2025-12-02T22:05:48.987Z,2025-12-02T22:05:48.987Z,5f4dcc3b5aa765d61d8327deb882cf99,What is your mother's maiden name?,79cfdd0e92b120faadd7eb253eb800d0,false,sofia.y@zoho.com,
68f6cf587534c3ee82cebec0,mila_king,,2025-12-02T22:05:48.987Z,2025-12-02T22:05:48.987Z,5f4dcc3b5aa765d61d8327deb882cf99,What is your mother's maiden name?,596a96cc7bf9108cd896f33c44aedc8a,false,mila_king@yahoo.com,
68f6cf587534c3ee82cebec1,samuel_wright,,2025-12-02T22:05:48.987Z,2025-12-02T22:05:48.987Z,5f4dcc3b5aa765d61d8327deb882cf99,What is your mother's maiden name?,5fcfd41e547a12215b173ff47fdd3739,false,samuel.wright@proton.me,
68f6cf587534c3ee82cebec2,ella_lopez,,2025-12-02T22:05:48.987Z,2025-12-02T22:05:48.987Z,5f4dcc3b5aa765d61d8327deb882cf99,What is your mother's maiden name?,ad92694923612da0600d7be498cc2e08,false,ella.lopez@outlook.com,
68f6cf587534c3ee82cebec3,code_wizard,,2025-12-02T22:05:48.987Z,2025-12-02T22:05:48.987Z,5f4dcc3b5aa765d61d8327deb882cf99,What is your mother's maiden name?,d9b23ebbf9b431d009a20df52e515db5,false,wizard@techie.io,
68f6cf587534c3ee82cebec4,pixel_pioneer,,2025-12-02T22:05:48.987Z,2025-12-02T22:05:48.987Z,5f4dcc3b5aa765d61d8327deb882cf99,What is your mother's maiden name?,ef6e65efc188e7dffd7335b646a85a21,false,pioneer@webdev.pro,
68f6cf587534c3ee82cebec5,data_dreamer,,2025-12-02T22:05:48.987Z,2025-12-02T22:05:48.987Z,5f4dcc3b5aa765d61d8327deb882cf99,What is your mother's maiden name?,f78f2477e949bee2d12a2c540fb6084f,false,dreamer@datamail.net,
68f6cf587534c3ee82cebec6,byte_surfer,,2025-12-02T22:05:48.987Z,2025-12-02T22:05:48.987Z,5f4dcc3b5aa765d61d8327deb882cf99,What is your mother's maiden name?,684c851af59965b680086b7b4896ff98,false,surfer@dev-mail.org,
68f6cf587534c3ee82cebec7,logic_lord,,2025-12-02T22:05:48.987Z,2025-12-02T22:05:48.987Z,5f4dcc3b5aa765d61d8327deb882cf99,What is your mother's maiden name?,da443a0ad979d5530df38ca1a74e4f80,false,lord.of.logic@coders.org,
68f6cf587534c3ee82cebec8,cyber_nomad,,2025-12-02T22:05:48.987Z,2025-12-02T22:05:48.987Z,5f4dcc3b5aa765d61d8327deb882cf99,What is your mother's maiden name?,99754106633f94d350db34d548d6091a,false,nomad@techie.io,
68f6cf587534c3ee82cebec9,script_runner,,2025-12-02T22:05:48.987Z,2025-12-02T22:05:48.987Z,5f4dcc3b5aa765d61d8327deb882cf99,What is your mother's maiden name?,ec0e2603172c73a8b644bb9456c1ff6e,false,runner@webdev.pro,
68f6cf587534c3ee82cebeca,network_ninja,,2025-12-02T22:05:48.987Z,2025-12-02T22:05:48.987Z,5f4dcc3b5aa765d61d8327deb882cf99,What is your mother's maiden name?,098f6bcd4621d373cade4e832627b4f6,false,ninja@proton.me,
68f6cf587534c3ee82cebecb,cloud_hopper,,2025-12-02T22:05:48.987Z,2025-12-02T22:05:48.987Z,5f4dcc3b5aa765d61d8327deb882cf99,What is your mother's maiden name?,1a1dc91c907325c69271ddf0c944bc72,false,hopper@datamail.net,
68f6cf587534c3ee82cebecc,quantum_quark,,2025-12-02T22:05:48.987Z,2025-12-02T22:05:48.987Z,5f4dcc3b5aa765d61d8327deb882cf99,What is your mother's maiden name?,b36d331451a61eb2d76860e00c347396,false,quark@coders.org,
68ff7eca1449054560e33a04,coduronin,,2025-12-02T22:05:48.987Z,2025-12-02T22:05:48.987Z,5f4dcc3b5aa765d61d8327deb882cf99,What is your mother's maiden name?,da220cffdb82cc859eb022b57cfbcf81,false,coduronin@coduronin.com,
69263a733daa4875609f487f,spiderman,,2025-12-02T22:05:48.987Z,2025-12-02T22:05:48.987Z,5f4dcc3b5aa765d61d8327deb882cf99,What is your mother's maiden name?,9f05aa4202e4ce8d6a72511dc735cce9,false,spiderman@spiderman.spiderman,
6928046643c1216846e2f9ae,verify_user,,2025-12-02T22:05:48.987Z,2025-12-02T22:05:48.987Z,5f4dcc3b5aa765d61d8327deb882cf99,What is your mother's maiden name?,482c811da5d5b4bc6d497ffa98491e38,false,verify@example.com,
693aa2e94ff4a225760900d7,tess,,2025-12-11T10:54:33.464Z,2025-12-11T10:54:33.464Z,8b8be2799a2796a36a02004608426bdb,What is your mother's maiden name?,8b8be2799a2796a36a02004608426bdb,false,tess@mail.com,
69406a14a70efa0bafd6d902,ayla,,2025-12-15T20:05:40.999Z,2025-12-15T20:05:40.999Z,f05c55fedf85524cbb505a3cb320f83f,What is your mother's maiden name?,f05c55fedf85524cbb505a3cb320f83f,false,ayla@ayla.ayla,
6941042d43c02175922477e5,alfha,,2025-12-16T07:03:09.165Z,2025-12-16T07:03:09.166Z,c12db554923692c568e001fe3df9a7c8,What is your mother's maiden name?,c12db554923692c568e001fe3df9a7c8,false,alfha@alfha.alfha,
